,alpha,beta
0,1.0,1.0
1,1.6666666666666665,2.0
2,2.333333333333333,3.0
3,3.0,4.0
